ts	phase	decision	why	evidence	result
2026-09-17T05:10:00Z	frame	predicate is one PR against main with a findings table for every shipped surface and no leftover HIG defect that code can fix without a product call	Edmund asked for a guarantee-level pass on the whole product after #23/#24	user_query + PRs 23 and 24	framed
2026-09-17T05:20:00Z	audit	#23 covered sign-in chrome, account sheet, board empty vs error, leading swipe, composer materials, Reduce Motion marquee. This pass owns notifications, Siri, widgets copy, Live Activity citations, orientation, remaining a11y	do not regress shipped chrome	https://github.com/EdmundLimBoEn/lazy-mans-reminders/pull/23	scoped
2026-09-17T05:35:00Z	docs	read Privacy, Notifications, Live Activities, App Shortcuts, Siri, Sign in with Apple, Alerts, Layout, Widgets HIG plus ForegroundContinuableIntent	citations have to be real pages	apple-docs.everest.mt HIG mirrors + developer.apple.com	cited
2026-09-17T06:00:00Z	fix	prompt for notifications only after session restore, drop unused badge, suppress foreground banners, register hidden-preview category, Account Settings recovery	Privacy HIG wait until the feature is needed. Notifications HIG no badge without unread counts, no banner while the app is in front, hidden preview placeholder, path back from deny	ios/App/NotificationAccessPolicy.swift ios/App/AppDelegate.swift ios/App/ContentView.swift ios/App/AccountView.swift	implemented
2026-09-17T06:05:00Z	fix	light SIWA fill is whiteOutline, dark stays black, Google label matches Sign in, Apple scopes are email only	SIWA HIG whiteOutline on light cards, black on dark is product #22, collect only displayed data	ios/App/LMRChrome.swift ios/App/SignInView.swift ios/App/AuthManager.swift	implemented
2026-09-17T06:10:00Z	fix	signed-out intents throw needsToContinueInForegroundError, complete/update ask which reminder, snippets cap at 6 lines, empty board shows SiriTipView	App Shortcuts and Siri HIG, ForegroundContinuableIntent	ios/App/Intents/ReminderIntents.swift ios/Shared/ReminderAttributes.swift	implemented
2026-09-17T06:12:00Z	fix	Delete Account uses an alert, Sign Out stays a confirmation dialog, landscape is allowed, widget gallery copy starts with a verb	Alerts HIG for irreversible delete, Layout HIG orientation, Widgets HIG description	ios/App/AccountView.swift ios/App/Info.plist ios/Widget/ReminderWidget.swift	implemented
2026-09-17T06:15:00Z	leave	empty Dynamic Island, dark SIWA black, leading swipe complete, no Home Screen widgets, lock-screen 15pt type, Live Activity as the board banner, delay sign-in is not possible	product constraints from prior commits and the lock-screen line budget	ios/Widget/ReminderLiveActivity.swift ios/App/LMRChrome.swift	documented
2026-09-17T06:20:00Z	verify	deno push helper tests 17 passed. No Xcode on this Linux VM so XCTest and device UI are residual	prove-it-works on the suite that can run here	deno test supabase/functions/_shared/push_helpers_test.ts	17 passed, iOS INCONCLUSIVE
